-------sej 데베 더미-----------


---상태
INSERT INTO STATE_A (NO, CONTENT)
VALUES (1, '진행 중');
INSERT INTO STATE_A (NO, CONTENT)
VALUES (2, '중지');
INSERT INTO STATE_A (NO, CONTENT)
VALUES (3, '해산');

INSERT INTO STATE_B (NO, CONTENT)
VALUES (1, '진행');
INSERT INTO STATE_B (NO, CONTENT)
VALUES (2, '중단');
INSERT INTO STATE_B (NO, CONTENT)
VALUES (3, '완료');
--일정 타입

INSERT INTO WORK_TYPE (NO, NAME)
VALUES (1, '플젝 일정');
INSERT INTO WORK_TYPE (NO, NAME)
VALUES (2, '팀 일정');
INSERT INTO WORK_TYPE (NO, NAME)
VALUES (3, '개인 일정');
---------------------------------------------------
--플젝 정보


--연구개발부서
INSERT INTO PROJECT (NO, CODE, EMP_NO, STATE_A_NO, TITLE, CONTENT, START_DATE)
VALUES (SEQ_PROJECT.NEXTVAL, 30, 13, 1, '차세대 항암제 신약개발', '후보물질 안전성 검사', SYSDATE);
INSERT INTO PROJECT (NO, CODE, EMP_NO, STATE_A_NO, TITLE, CONTENT, START_DATE)
VALUES (SEQ_PROJECT.NEXTVAL, 30, 23, 1, '차세대 항암제 신약개발', '후보물질 항암 효과 확인 실험',SYSDATE);
INSERT INTO PROJECT (NO, CODE, EMP_NO, STATE_A_NO, TITLE, CONTENT, START_DATE)
VALUES (SEQ_PROJECT.NEXTVAL, 30, 33, 1, '차세대 항암제 신약개발', '후보물질 항암 효과 확인 실험', SYSDATE);
INSERT INTO PROJECT (NO, CODE, EMP_NO, STATE_A_NO, TITLE, CONTENT, START_DATE)
VALUES (SEQ_PROJECT.NEXTVAL, 30, 43, 1, '차세대 항암제 신약개발', '후보물질 항암 효과 확인 실험', SYSDATE);
INSERT INTO PROJECT (NO, CODE, EMP_NO, STATE_A_NO, TITLE, CONTENT, START_DATE)
VALUES (SEQ_PROJECT.NEXTVAL, 30, 53, 1, '차세대 항암제 신약개발', '후보물질 안전성 검사', SYSDATE);
INSERT INTO PROJECT (NO, CODE, EMP_NO, STATE_A_NO, TITLE, CONTENT, START_DATE)
VALUES (SEQ_PROJECT.NEXTVAL, 30, 63, 1, '차세대 항암제 신약개발', '후보물질 안전성 검사', SYSDATE);


INSERT INTO PROJECT (NO, CODE, EMP_NO, STATE_A_NO, TITLE, CONTENT, START_DATE)
VALUES (SEQ_PROJECT.NEXTVAL, 30, 14, 1, '진통제 후보물질 탐색', '분자 생성 AI로 분자구조 합성', SYSDATE);
INSERT INTO PROJECT (NO, CODE, EMP_NO, STATE_A_NO, TITLE, CONTENT, START_DATE)
VALUES (SEQ_PROJECT.NEXTVAL, 30, 24, 1, '진통제 후보물질 탐색', '후보물질 단백질 합성 실험', SYSDATE);
INSERT INTO PROJECT (NO, CODE, EMP_NO, STATE_A_NO, TITLE, CONTENT, START_DATE)
VALUES (SEQ_PROJECT.NEXTVAL, 30, 34, 1, '진통제 후보물질 탐색', '분자 생성 AI로 분자구조 합성', SYSDATE);
INSERT INTO PROJECT (NO, CODE, EMP_NO, STATE_A_NO, TITLE, CONTENT, START_DATE)
VALUES (SEQ_PROJECT.NEXTVAL, 30, 44, 1, '진통제 후보물질 탐색', '후보물질 단백질 합성 실험', SYSDATE);
INSERT INTO PROJECT (NO, CODE, EMP_NO, STATE_A_NO, TITLE, CONTENT, START_DATE)
VALUES (SEQ_PROJECT.NEXTVAL, 30, 54, 1, '진통제 후보물질 탐색', '분자 생성 AI로 분자구조 합성', SYSDATE);
INSERT INTO PROJECT (NO, CODE, EMP_NO, STATE_A_NO, TITLE, CONTENT, START_DATE)
VALUES (SEQ_PROJECT.NEXTVAL, 30, 64, 1, '진통제 후보물질 탐색', '후보물질 단백질 합성 실험', SYSDATE);



--인사부
INSERT INTO PROJECT (NO, CODE, EMP_NO, STATE_A_NO, TITLE, CONTENT, START_DATE)
VALUES (SEQ_PROJECT.NEXTVAL, 20, 11, 1, '인사관리 업무 진행', '사직서 수리', SYSDATE);
INSERT INTO PROJECT (NO, CODE, EMP_NO, STATE_A_NO,  TITLE, CONTENT, START_DATE)
VALUES (SEQ_PROJECT.NEXTVAL, 20, 12, 1, '인사관리 업무 진행', '사직서 수리', SYSDATE);
INSERT INTO PROJECT (NO, CODE, EMP_NO, STATE_A_NO,  TITLE, CONTENT, START_DATE)
VALUES (SEQ_PROJECT.NEXTVAL, 20, 13, 1, '인사관리 업무 진행', '사직서 제출 관련 법률관계 정리',  SYSDATE);
INSERT INTO PROJECT (NO, CODE, EMP_NO, STATE_A_NO, TITLE, CONTENT, START_DATE)
VALUES (SEQ_PROJECT.NEXTVAL, 20, 14, 1, '인사관리 업무 진행', '퇴직금 정산', SYSDATE);
INSERT INTO PROJECT (NO, CODE, EMP_NO, STATE_A_NO, TITLE, CONTENT, START_DATE)
VALUES (SEQ_PROJECT.NEXTVAL, 20, 15, 1, '인사관리 업무 진행', '퇴직금 정산', SYSDATE);
INSERT INTO PROJECT (NO, CODE, EMP_NO, STATE_A_NO, TITLE, CONTENT, START_DATE)
VALUES (SEQ_PROJECT.NEXTVAL, 20, 16, 1, '인사관리 업무 진행', '사직서 제출 관련 법률관계 정리', SYSDATE);

INSERT INTO PROJECT (NO, CODE, EMP_NO, STATE_A_NO, TITLE, CONTENT, START_DATE)
VALUES (SEQ_PROJECT.NEXTVAL, 20, 12, 1, '세계 해양의 날 사내이벤트 준비', '굿즈 및 간식 제공 업체 선정', SYSDATE);
INSERT INTO PROJECT (NO, CODE, EMP_NO, STATE_A_NO, TITLE, CONTENT, START_DATE)
VALUES (SEQ_PROJECT.NEXTVAL, 20, 22, 1, '세계 해양의 날 사내이벤트 준비', '행사 홍보 및 포스터 제작', SYSDATE);
INSERT INTO PROJECT (NO, CODE, EMP_NO, STATE_A_NO, TITLE, CONTENT, START_DATE)
VALUES (SEQ_PROJECT.NEXTVAL, 20, 32, 1, '세계 해양의 날 사내이벤트 준비', '굿즈 및 간식 제공 업체 선정', SYSDATE);
INSERT INTO PROJECT (NO, CODE, EMP_NO, STATE_A_NO, TITLE, CONTENT, START_DATE)
VALUES (SEQ_PROJECT.NEXTVAL, 20, 42, 1, '세계 해양의 날 사내이벤트 준비', '행사 홍보 및 포스터 제작', SYSDATE);
INSERT INTO PROJECT (NO, CODE, EMP_NO, STATE_A_NO, TITLE, CONTENT, START_DATE)
VALUES (SEQ_PROJECT.NEXTVAL, 20, 52, 1, '세계 해양의 날 사내이벤트 준비', '폐플라스틱 재활용 해양생물 뱃지 제작', SYSDATE);
INSERT INTO PROJECT (NO, CODE, EMP_NO, STATE_A_NO, TITLE, CONTENT, START_DATE)
VALUES (SEQ_PROJECT.NEXTVAL, 20, 62, 1, '세계 해양의 날 사내이벤트 준비', '폐플라스틱 재활용 해양생물 뱃지 제작', SYSDATE);

--영업부
INSERT INTO PROJECT (NO, CODE, EMP_NO, STATE_A_NO, TITLE, CONTENT, START_DATE)
VALUES (SEQ_PROJECT.NEXTVAL, 40, 15, 1, '국내 독점 판매 계약 체결', '수도권 대학병원 3곳과 독점 판매 계약 체결', SYSDATE);
INSERT INTO PROJECT (NO, CODE, EMP_NO, STATE_A_NO, TITLE, CONTENT, START_DATE)
VALUES (SEQ_PROJECT.NEXTVAL, 40, 25, 1, '국내 독점 판매 계약 체결', '지방 거점 대학병원 5곳과 독점 판매 계약 체결', SYSDATE);
INSERT INTO PROJECT (NO, CODE, EMP_NO, STATE_A_NO, TITLE, CONTENT, START_DATE)
VALUES (SEQ_PROJECT.NEXTVAL, 40, 35, 1, '국외 유통 계약 체결', '독일 제약사와 허가 절차 및 유통 계약 체결', SYSDATE);
INSERT INTO PROJECT (NO, CODE, EMP_NO, STATE_A_NO, TITLE, CONTENT, START_DATE)
VALUES (SEQ_PROJECT.NEXTVAL, 40, 45, 1, '국내 독점 판매 계약 체결', '수도권 대학병원 3곳과 독점 판매 계약 체결', SYSDATE);
INSERT INTO PROJECT (NO, CODE, EMP_NO, STATE_A_NO, TITLE, CONTENT, START_DATE)
VALUES (SEQ_PROJECT.NEXTVAL, 40, 55, 1, '국외 유통 계약 체결', '인도네시아 제약사와 허가 절차 및 유통 계약 체결', SYSDATE);
INSERT INTO PROJECT (NO, CODE, EMP_NO, STATE_A_NO, TITLE, CONTENT, START_DATE)
VALUES (SEQ_PROJECT.NEXTVAL, 40, 65, 1, '국외 유통 계약 체결', '독일 제약사와 허가 절차 및 유통 계약 체결', SYSDATE);

INSERT INTO PROJECT (NO, CODE, EMP_NO, STATE_A_NO, TITLE, CONTENT, START_DATE)
VALUES (SEQ_PROJECT.NEXTVAL, 40, 16, 1, '자사 온라인몰 구축', '상표 출원 준비', SYSDATE);
INSERT INTO PROJECT (NO, CODE, EMP_NO, STATE_A_NO, TITLE, CONTENT, START_DATE)
VALUES (SEQ_PROJECT.NEXTVAL, 40, 26, 1, '이커머스 플랫폼 판매 계약 체결', '판매 물량 확보 및 유통라인 정리', SYSDATE);
INSERT INTO PROJECT (NO, CODE, EMP_NO, STATE_A_NO, TITLE, CONTENT, START_DATE)
VALUES (SEQ_PROJECT.NEXTVAL, 40, 36, 1, '자사 온라인몰 구축', '개발 외주 업체 선정', SYSDATE);
INSERT INTO PROJECT (NO, CODE, EMP_NO, STATE_A_NO, TITLE, CONTENT, START_DATE)
VALUES (SEQ_PROJECT.NEXTVAL, 40, 46, 1, '이커머스 플랫폼 판매 계약 체결', '판매 계약 체결 및 유통라인 정리', SYSDATE);
INSERT INTO PROJECT (NO, CODE, EMP_NO, STATE_A_NO, TITLE, CONTENT, START_DATE)
VALUES (SEQ_PROJECT.NEXTVAL, 40, 56, 1, '자사 온라인몰 구축', '상표 출원 준비', SYSDATE);
INSERT INTO PROJECT (NO, CODE, EMP_NO, STATE_A_NO, TITLE, CONTENT, START_DATE)
VALUES (SEQ_PROJECT.NEXTVAL, 40, 66, 1, '이커머스 플랫폼 판매 계약 체결', '판매 계약 체결', SYSDATE);

--프로젝트 담당자
INSERT INTO PROJECT_MANAGER (NO, PRO_NO, EMP_NO)
VALUES (SEQ_PROJECT_MANAGER.NEXTVAL, 1, 43 );
INSERT INTO PROJECT_MANAGER (NO, PRO_NO, EMP_NO)
VALUES (SEQ_PROJECT_MANAGER.NEXTVAL, 1, 53 );

INSERT INTO PROJECT_MANAGER (NO, PRO_NO, EMP_NO)
VALUES (SEQ_PROJECT_MANAGER.NEXTVAL, 2, 12 );
INSERT INTO PROJECT_MANAGER (NO, PRO_NO, EMP_NO)
VALUES (SEQ_PROJECT_MANAGER.NEXTVAL, 3, 13 );
INSERT INTO PROJECT_MANAGER (NO, PRO_NO, EMP_NO)
VALUES (SEQ_PROJECT_MANAGER.NEXTVAL, 4, 14 );
INSERT INTO PROJECT_MANAGER (NO, PRO_NO, EMP_NO)
VALUES (SEQ_PROJECT_MANAGER.NEXTVAL, 5, 15 );
INSERT INTO PROJECT_MANAGER (NO, PRO_NO, EMP_NO)
VALUES (SEQ_PROJECT_MANAGER.NEXTVAL, 6, 16 );

--플젝 일정
INSERT INTO PROJECT_WORK (NO,NO2,STATE_B_NO,TYPE_NO,START_DATE,TITLE,CONTENT)
VALUES (SEQ_PROJECT_WORK.NEXTVAL, 1, 1, 1, SYSDATE, '변호사미팅', '법무적 차원의 자문을 구하기로 함.');
INSERT INTO PROJECT_WORK (NO,NO2,STATE_B_NO,TYPE_NO,START_DATE,TITLE,CONTENT)
VALUES (SEQ_PROJECT_WORK.NEXTVAL, 2, 2, 1, SYSDATE, '교육준비', '자료수집 및 발표물 제작하기로 함.');
INSERT INTO PROJECT_WORK (NO,NO2,STATE_B_NO,TYPE_NO,START_DATE,TITLE,CONTENT)
VALUES (SEQ_PROJECT_WORK.NEXTVAL, 3, 1, 1, SYSDATE, '학회참가', '신약발표 및 투자유치를 위해 참가하기로 함.');
INSERT INTO PROJECT_WORK (NO,NO2,STATE_B_NO,TYPE_NO,START_DATE,TITLE,CONTENT)
VALUES (SEQ_PROJECT_WORK.NEXTVAL, 4, 2, 1, SYSDATE, '임상실험', '후보물질 안정성과 유효성 검사를 진행하기로 함.');
INSERT INTO PROJECT_WORK (NO,NO2,STATE_B_NO,TYPE_NO,START_DATE,TITLE,CONTENT)
VALUES (SEQ_PROJECT_WORK.NEXTVAL, 5, 1, 1, SYSDATE, '파트너링 미팅', '파트너링 계약체결을 완수하기로 함.');
INSERT INTO PROJECT_WORK (NO,NO2,STATE_B_NO,TYPE_NO,START_DATE,TITLE,CONTENT)
VALUES (SEQ_PROJECT_WORK.NEXTVAL, 6, 2, 1, SYSDATE, '홍보물제작', '홍보리플렛 디자인을 구상하기로 함.');


--기타일정
INSERT INTO PERSONAL_WORK (NO, NO2, STATE_B_NO, TYPE_NO, START_DATE, TITLE ,CONTENT)
VALUES (SEQ_PERSONAL_WORK.NEXTVAL, 4, 3, 3, SYSDATE, '부장급회의', '중앙회의실에서 실적발표가 있음.');
INSERT INTO PERSONAL_WORK (NO,NO2,STATE_B_NO,TYPE_NO,START_DATE,TITLE,CONTENT)
VALUES (SEQ_PERSONAL_WORK.NEXTVAL, 5, 3, 3, SYSDATE, '부장급회의', '중앙회의실에서 실적발표가 있음.');
INSERT INTO PERSONAL_WORK (NO,NO2,STATE_B_NO,TYPE_NO,START_DATE,TITLE,CONTENT)
VALUES (SEQ_PERSONAL_WORK.NEXTVAL, 6, 3, 3, SYSDATE, '부장급회의', '중앙회의실에서 실적발표가 있음.');
INSERT INTO PERSONAL_WORK (NO,NO2,STATE_B_NO,TYPE_NO,START_DATE,TITLE,CONTENT)
VALUES (SEQ_PERSONAL_WORK.NEXTVAL, 7, 3, 3, SYSDATE, '부장급회의', '중앙회의실에서 실적발표가 있음.');
INSERT INTO PERSONAL_WORK (NO,NO2,STATE_B_NO,TYPE_NO,START_DATE,TITLE,CONTENT)
VALUES (SEQ_PERSONAL_WORK.NEXTVAL, 8, 3, 3, SYSDATE, '부장급회의', '중앙회의실에서 실적발표가 있음.');

INSERT INTO PERSONAL_WORK (NO,NO2,STATE_B_NO,TYPE_NO,START_DATE,TITLE,CONTENT)
VALUES (SEQ_PERSONAL_WORK.NEXTVAL, 1, 1, 3, SYSDATE, '해외출장', '미국 화이자 방문.');
INSERT INTO PERSONAL_WORK (NO,NO2,STATE_B_NO,TYPE_NO,START_DATE,TITLE,CONTENT)
VALUES (SEQ_PERSONAL_WORK.NEXTVAL, 2, 2, 3, SYSDATE, '휴가', '14일간 휴가.');
INSERT INTO PERSONAL_WORK (NO,NO2,STATE_B_NO,TYPE_NO,START_DATE,TITLE,CONTENT)
VALUES (SEQ_PERSONAL_WORK.NEXTVAL, 3, 3, 3, SYSDATE, '휴가', '14일간 휴가');


INSERT INTO PERSONAL_WORK (NO,NO2,STATE_B_NO,TYPE_NO,START_DATE,TITLE,CONTENT)
VALUES (SEQ_PERSONAL_WORK.NEXTVAL, 13, 2, 2, SYSDATE, '동료평가', '사내 그룹웨어에서 동료평가 진행하기.');
INSERT INTO PERSONAL_WORK (NO,NO2,STATE_B_NO,TYPE_NO,START_DATE,TITLE,CONTENT)
VALUES (SEQ_PERSONAL_WORK.NEXTVAL, 14, 2, 2, SYSDATE, '동료평가', '사내 그룹웨어에서 동료평가 진행하기.');
INSERT INTO PERSONAL_WORK (NO,NO2,STATE_B_NO,TYPE_NO,START_DATE,TITLE,CONTENT)
VALUES (SEQ_PERSONAL_WORK.NEXTVAL, 23, 2, 2, SYSDATE, '동료평가', '사내 그룹웨어에서 동료평가 진행하기.');
INSERT INTO PERSONAL_WORK (NO,NO2,STATE_B_NO,TYPE_NO,START_DATE,TITLE,CONTENT)
VALUES (SEQ_PERSONAL_WORK.NEXTVAL, 24, 2, 2, SYSDATE, '동료평가', '사내 그룹웨어에서 동료평가 진행하기.');
INSERT INTO PERSONAL_WORK (NO,NO2,STATE_B_NO,TYPE_NO,START_DATE,TITLE,CONTENT)
VALUES (SEQ_PERSONAL_WORK.NEXTVAL, 33, 2, 2, SYSDATE, '동료평가', '사내 그룹웨어에서 동료평가 진행하기.');
INSERT INTO PERSONAL_WORK (NO,NO2,STATE_B_NO,TYPE_NO,START_DATE,TITLE,CONTENT)
VALUES (SEQ_PERSONAL_WORK.NEXTVAL, 34, 2, 2, SYSDATE, '동료평가', '사내 그룹웨어에서 동료평가 진행하기.');
INSERT INTO PERSONAL_WORK (NO,NO2,STATE_B_NO,TYPE_NO,START_DATE,TITLE,CONTENT)
VALUES (SEQ_PERSONAL_WORK.NEXTVAL, 43, 2, 2, SYSDATE, '동료평가', '사내 그룹웨어에서 동료평가 진행하기.');
INSERT INTO PERSONAL_WORK (NO,NO2,STATE_B_NO,TYPE_NO,START_DATE,TITLE,CONTENT)
VALUES (SEQ_PERSONAL_WORK.NEXTVAL, 44, 2, 2, SYSDATE, '동료평가', '사내 그룹웨어에서 동료평가 진행하기.');
INSERT INTO PERSONAL_WORK (NO,NO2,STATE_B_NO,TYPE_NO,START_DATE,TITLE,CONTENT)
VALUES (SEQ_PERSONAL_WORK.NEXTVAL, 53, 2, 2, SYSDATE, '동료평가', '사내 그룹웨어에서 동료평가 진행하기.');
INSERT INTO PERSONAL_WORK (NO,NO2,STATE_B_NO,TYPE_NO,START_DATE,TITLE,CONTENT)
VALUES (SEQ_PERSONAL_WORK.NEXTVAL, 54, 2, 2, SYSDATE, '동료평가', '사내 그룹웨어에서 동료평가 진행하기.');
INSERT INTO PERSONAL_WORK (NO,NO2,STATE_B_NO,TYPE_NO,START_DATE,TITLE,CONTENT)
VALUES (SEQ_PERSONAL_WORK.NEXTVAL, 63, 2, 2, SYSDATE, '동료평가', '사내 그룹웨어에서 동료평가 진행하기.');
INSERT INTO PERSONAL_WORK (NO,NO2,STATE_B_NO,TYPE_NO,START_DATE,TITLE,CONTENT)
VALUES (SEQ_PERSONAL_WORK.NEXTVAL, 64, 2, 2, SYSDATE, '동료평가', '사내 그룹웨어에서 동료평가 진행하기.');




--회의록
INSERT INTO CONFERENCE_RECORD (NO,PRJ_NO,ENL_DATE, TITLE, CONTENT)
VALUES (SEQ_CONFERENCE_RECORD.NEXTVAL,1, SYSDATE,'정리해고 진행과정 회의','저성과자들 리스트를 만들어서 이번 구조조정 때 정리해고 진행하기로 함.');
INSERT INTO CONFERENCE_RECORD (NO,PRJ_NO,ENL_DATE, TITLE, CONTENT)
VALUES (SEQ_CONFERENCE_RECORD.NEXTVAL,2, SYSDATE,'안전교육준비 회의','안전교육을 위해 CPR 교육자료를 만들기로 함. 인근 소방서에 교육요청 예정.');
INSERT INTO CONFERENCE_RECORD (NO,PRJ_NO,ENL_DATE, TITLE, CONTENT)
VALUES (SEQ_CONFERENCE_RECORD.NEXTVAL,3, SYSDATE,'학회준비 회의','논문 요약본 준비. 전시자료 제작은 케이에이치제작소에 의뢰를 하기로 결정.');
INSERT INTO CONFERENCE_RECORD (NO,PRJ_NO,ENL_DATE, TITLE, CONTENT)
VALUES (SEQ_CONFERENCE_RECORD.NEXTVAL,4, SYSDATE,'임상실험준비 회의','알바모집을 통해 비교군과 대조군 모집하기로 함. 보상액은 최저시급의 4배로 결정.');
INSERT INTO CONFERENCE_RECORD (NO,PRJ_NO,ENL_DATE, TITLE, CONTENT)
VALUES (SEQ_CONFERENCE_RECORD.NEXTVAL,5, SYSDATE,'계약전략 회의','이번 신약개발에 필요한 실험결과를 교환하는 계약을 체결해야함.');
INSERT INTO CONFERENCE_RECORD (NO,PRJ_NO,ENL_DATE, TITLE, CONTENT)
VALUES (SEQ_CONFERENCE_RECORD.NEXTVAL,6, SYSDATE,'디자인 회의','신뢰감을 주는 파란색을 메인컬러로 결정함.');

--메시지
INSERT INTO MESSAGE (NO, SENDER, RECEIVER, TITLE, CONTENT, SEND_TIME)
VALUES (SEQ_MESSAGE.NEXTVAL, 1, 2, '보냄제목1', '보냄내용1', SYSTIMESTAMP);
INSERT INTO MESSAGE (NO, SENDER, RECEIVER, TITLE, CONTENT, SEND_TIME)
VALUES (SEQ_MESSAGE.NEXTVAL, 1, 3, '보냄제목2', '보냄내용2', SYSTIMESTAMP);
INSERT INTO MESSAGE (NO, SENDER, RECEIVER, TITLE, CONTENT, SEND_TIME)
VALUES (SEQ_MESSAGE.NEXTVAL, 1, 4, '보냄제목3', '보냄내용3', SYSTIMESTAMP);
INSERT INTO MESSAGE (NO, SENDER, RECEIVER, TITLE, CONTENT, SEND_TIME)
VALUES (SEQ_MESSAGE.NEXTVAL, 1, 5, '보냄제목4', '보냄내용4', SYSTIMESTAMP);
INSERT INTO MESSAGE (NO, SENDER, RECEIVER, TITLE, CONTENT, SEND_TIME)
VALUES (SEQ_MESSAGE.NEXTVAL, 1, 6, '보냄제목5', '보냄내용5', SYSTIMESTAMP);
INSERT INTO MESSAGE (NO, SENDER, RECEIVER, TITLE, CONTENT, SEND_TIME)
VALUES (SEQ_MESSAGE.NEXTVAL, 1, 7, '보냄제목6', '보냄내용6', SYSTIMESTAMP);
INSERT INTO MESSAGE (NO, SENDER, RECEIVER, TITLE, CONTENT, SEND_TIME)
VALUES (SEQ_MESSAGE.NEXTVAL, 1, 8, '보냄제목7', '보냄내용7', SYSTIMESTAMP);
INSERT INTO MESSAGE (NO, SENDER, RECEIVER, TITLE, CONTENT, SEND_TIME)
VALUES (SEQ_MESSAGE.NEXTVAL, 1, 9, '보냄제목8', '보냄내용8', SYSTIMESTAMP);
INSERT INTO MESSAGE (NO, SENDER, RECEIVER, TITLE, CONTENT, SEND_TIME)
VALUES (SEQ_MESSAGE.NEXTVAL, 1, 10, '보냄제목9', '보냄내용9', SYSTIMESTAMP);
INSERT INTO MESSAGE (NO, SENDER, RECEIVER, TITLE, CONTENT, SEND_TIME)
VALUES (SEQ_MESSAGE.NEXTVAL, 1, 11, '보냄제목10', '보냄내용10', SYSTIMESTAMP);
INSERT INTO MESSAGE (NO, SENDER, RECEIVER, TITLE, CONTENT, SEND_TIME)
VALUES (SEQ_MESSAGE.NEXTVAL, 2, 1, '받음제목1', '받음내용1', SYSTIMESTAMP);
INSERT INTO MESSAGE (NO, SENDER, RECEIVER, TITLE, CONTENT, SEND_TIME)
VALUES (SEQ_MESSAGE.NEXTVAL, 3, 1, '받음제목2', '받음내용2', SYSTIMESTAMP);
INSERT INTO MESSAGE (NO, SENDER, RECEIVER, TITLE, CONTENT, SEND_TIME)
VALUES (SEQ_MESSAGE.NEXTVAL, 4, 1, '받음제목3', '받음내용3', SYSTIMESTAMP);
INSERT INTO MESSAGE (NO, SENDER, RECEIVER, TITLE, CONTENT, SEND_TIME)
VALUES (SEQ_MESSAGE.NEXTVAL, 5, 1, '받음제목4', '받음내용4', SYSTIMESTAMP);
INSERT INTO MESSAGE (NO, SENDER, RECEIVER, TITLE, CONTENT, SEND_TIME)
VALUES (SEQ_MESSAGE.NEXTVAL, 6, 1, '받음제목5', '받음내용5', SYSTIMESTAMP);
INSERT INTO MESSAGE (NO, SENDER, RECEIVER, TITLE, CONTENT, SEND_TIME)
VALUES (SEQ_MESSAGE.NEXTVAL, 7, 1, '받음제목6', '받음내용6', SYSTIMESTAMP);
INSERT INTO MESSAGE (NO, SENDER, RECEIVER, TITLE, CONTENT, SEND_TIME)
VALUES (SEQ_MESSAGE.NEXTVAL, 8, 1, '받음제목7', '받음내용7', SYSTIMESTAMP);
INSERT INTO MESSAGE (NO, SENDER, RECEIVER, TITLE, CONTENT, SEND_TIME)
VALUES (SEQ_MESSAGE.NEXTVAL, 9, 1, '받음제목8', '받음내용8', SYSTIMESTAMP);
INSERT INTO MESSAGE (NO, SENDER, RECEIVER, TITLE, CONTENT, SEND_TIME)
VALUES (SEQ_MESSAGE.NEXTVAL, 10, 1, '받음제목9', '받음내용9', SYSTIMESTAMP);
INSERT INTO MESSAGE (NO, SENDER, RECEIVER, TITLE, CONTENT, SEND_TIME)
VALUES (SEQ_MESSAGE.NEXTVAL, 11, 1, '받음제목10', '받음내용10', SYSTIMESTAMP);

--커밋
COMMIT;


