-------sej 데베 더미-----------


---상태
INSERT INTO STATE_A (NO, CONTENT)
VALUES (1, '등록');
INSERT INTO STATE_A (NO, CONTENT)
VALUES (2, '중지');
INSERT INTO STATE_A (NO, CONTENT)
VALUES (3, '해산');

INSERT INTO STATE_B (NO, CONTENT)
VALUES (1, '진행');
INSERT INTO STATE_B (NO, CONTENT)
VALUES (2, '중단');
INSERT INTO STATE_B (NO, CONTENT)
VALUES (3, '완료');
--일정 타입

INSERT INTO WORK_TYPE (NO, NAME)
VALUES (1, '플젝 일정');
INSERT INTO WORK_TYPE (NO, NAME)
VALUES (2, '팀 일정');
INSERT INTO WORK_TYPE (NO, NAME)
VALUES (3, '개인 일정');
---------------------------------------------------
--플젝 정보

--인사부
INSERT INTO PROJECT (NO, CODE, EMP_NO, STATE_A_NO, TITLE, CONTENT, START_DATE)
VALUES (SEQ_PROJECT.NEXTVAL, 20, 11, 1, '구조조정', SYSDATE);
INSERT INTO PROJECT (NO, CODE, EMP_NO, STATE_A_NO,  TITLE, CONTENT, START_DATE)
VALUES (SEQ_PROJECT.NEXTVAL, 20, 12, 1, '구조조정', SYSDATE);
INSERT INTO PROJECT (NO, CODE, EMP_NO, STATE_A_NO,  TITLE, CONTENT, START_DATE)
VALUES (SEQ_PROJECT.NEXTVAL, 20, 13, 1, '구조조정',  TITLE, SYSDATE);
INSERT INTO PROJECT (NO, CODE, EMP_NO, STATE_A_NO, TITLE, CONTENT, START_DATE)
VALUES (SEQ_PROJECT.NEXTVAL, 20, 14, 1, '구조조정', SYSDATE);
INSERT INTO PROJECT (NO, CODE, EMP_NO, STATE_A_NO, TITLE, CONTENT, START_DATE)
VALUES (SEQ_PROJECT.NEXTVAL, 20, 15, 1, '구조조정', SYSDATE);
INSERT INTO PROJECT (NO, CODE, EMP_NO, STATE_A_NO, TITLE, CONTENT, START_DATE)
VALUES (SEQ_PROJECT.NEXTVAL, 20, 16, 1, '구조조정', SYSDATE);

INSERT INTO PROJECT (NO, CODE, EMP_NO, STATE_A_NO, TITLE, CONTENT, START_DATE)
VALUES (SEQ_PROJECT.NEXTVAL, 20, 12, 1, '사내이벤트', SYSDATE);
INSERT INTO PROJECT (NO, CODE, EMP_NO, STATE_A_NO, TITLE, CONTENT, START_DATE)
VALUES (SEQ_PROJECT.NEXTVAL, 20, 22, 1, '사내이벤트', SYSDATE);
INSERT INTO PROJECT (NO, CODE, EMP_NO, STATE_A_NO, TITLE, CONTENT, START_DATE)
VALUES (SEQ_PROJECT.NEXTVAL, 20, 32, 1, '사내이벤트', SYSDATE);
INSERT INTO PROJECT (NO, CODE, EMP_NO, STATE_A_NO, TITLE, CONTENT, START_DATE)
VALUES (SEQ_PROJECT.NEXTVAL, 20, 42, 1, '사내이벤트', SYSDATE);
INSERT INTO PROJECT (NO, CODE, EMP_NO, STATE_A_NO, TITLE, CONTENT, START_DATE)
VALUES (SEQ_PROJECT.NEXTVAL, 20, 52, 1, '사내이벤트', SYSDATE);
INSERT INTO PROJECT (NO, CODE, EMP_NO, STATE_A_NO, TITLE, CONTENT, START_DATE)
VALUES (SEQ_PROJECT.NEXTVAL, 20, 62, 1, '사내이벤트', SYSDATE);

--연구개발부서
INSERT INTO PROJECT (NO, CODE, EMP_NO, STATE_A_NO, TITLE, CONTENT, START_DATE)
VALUES (SEQ_PROJECT.NEXTVAL, 30, 13, 1, '신약개발', SYSDATE);
INSERT INTO PROJECT (NO, CODE, EMP_NO, STATE_A_NO, TITLE, CONTENT, START_DATE)
VALUES (SEQ_PROJECT.NEXTVAL, 30, 23, 1, '신약개발', SYSDATE);
INSERT INTO PROJECT (NO, CODE, EMP_NO, STATE_A_NO, TITLE, CONTENT, START_DATE)
VALUES (SEQ_PROJECT.NEXTVAL, 30, 33, 1, '신약개발', SYSDATE);
INSERT INTO PROJECT (NO, CODE, EMP_NO, STATE_A_NO, TITLE, CONTENT, START_DATE)
VALUES (SEQ_PROJECT.NEXTVAL, 30, 43, 1, '신약개발', SYSDATE);
INSERT INTO PROJECT (NO, CODE, EMP_NO, STATE_A_NO, TITLE, CONTENT, START_DATE)
VALUES (SEQ_PROJECT.NEXTVAL, 30, 53, 1, '신약개발', SYSDATE);
INSERT INTO PROJECT (NO, CODE, EMP_NO, STATE_A_NO, TITLE, CONTENT, START_DATE)
VALUES (SEQ_PROJECT.NEXTVAL, 30, 63, 1, '신약개발', SYSDATE);


INSERT INTO PROJECT (NO, CODE, EMP_NO, STATE_A_NO, TITLE, CONTENT, START_DATE)
VALUES (SEQ_PROJECT.NEXTVAL, 30, 14, 1, '의약품인허가', SYSDATE);
INSERT INTO PROJECT (NO, CODE, EMP_NO, STATE_A_NO, TITLE, CONTENT, START_DATE)
VALUES (SEQ_PROJECT.NEXTVAL, 30, 24, 1, '의약품인허가', SYSDATE);
INSERT INTO PROJECT (NO, CODE, EMP_NO, STATE_A_NO, TITLE, CONTENT, START_DATE)
VALUES (SEQ_PROJECT.NEXTVAL, 30, 34, 1, '의약품인허가', SYSDATE);
INSERT INTO PROJECT (NO, CODE, EMP_NO, STATE_A_NO, TITLE, CONTENT, START_DATE)
VALUES (SEQ_PROJECT.NEXTVAL, 30, 44, 1, '의약품인허가', SYSDATE);
INSERT INTO PROJECT (NO, CODE, EMP_NO, STATE_A_NO, TITLE, CONTENT, START_DATE)
VALUES (SEQ_PROJECT.NEXTVAL, 30, 54, 1, '의약품인허가', SYSDATE);
INSERT INTO PROJECT (NO, CODE, EMP_NO, STATE_A_NO, TITLE, CONTENT, START_DATE)
VALUES (SEQ_PROJECT.NEXTVAL, 30, 64, 1, '의약품인허가', SYSDATE);
--영업부
INSERT INTO PROJECT (NO, CODE, EMP_NO, STATE_A_NO, TITLE, CONTENT, START_DATE)
VALUES (SEQ_PROJECT.NEXTVAL, 40, 15, 1, '업무계약', SYSDATE);
INSERT INTO PROJECT (NO, CODE, EMP_NO, STATE_A_NO, TITLE, CONTENT, START_DATE)
VALUES (SEQ_PROJECT.NEXTVAL, 40, 25, 1, '업무계약', SYSDATE);
INSERT INTO PROJECT (NO, CODE, EMP_NO, STATE_A_NO, TITLE, CONTENT, START_DATE)
VALUES (SEQ_PROJECT.NEXTVAL, 40, 35, 1, '업무계약', SYSDATE);
INSERT INTO PROJECT (NO, CODE, EMP_NO, STATE_A_NO, TITLE, CONTENT, START_DATE)
VALUES (SEQ_PROJECT.NEXTVAL, 40, 45, 1, '업무계약', SYSDATE);
INSERT INTO PROJECT (NO, CODE, EMP_NO, STATE_A_NO, TITLE, CONTENT, START_DATE)
VALUES (SEQ_PROJECT.NEXTVAL, 40, 55, 1, '업무계약', SYSDATE);
INSERT INTO PROJECT (NO, CODE, EMP_NO, STATE_A_NO, TITLE, CONTENT, START_DATE)
VALUES (SEQ_PROJECT.NEXTVAL, 40, 65, 1, '업무계약', SYSDATE);

INSERT INTO PROJECT (NO, CODE, EMP_NO, STATE_A_NO, TITLE, CONTENT, START_DATE)
VALUES (SEQ_PROJECT.NEXTVAL, 40, 16, 1, '판촉행사', SYSDATE);
INSERT INTO PROJECT (NO, CODE, EMP_NO, STATE_A_NO, TITLE, CONTENT, START_DATE)
VALUES (SEQ_PROJECT.NEXTVAL, 40, 26, 1, '판촉행사', SYSDATE);
INSERT INTO PROJECT (NO, CODE, EMP_NO, STATE_A_NO, TITLE, CONTENT, START_DATE)
VALUES (SEQ_PROJECT.NEXTVAL, 40, 36, 1, '판촉행사', SYSDATE);
INSERT INTO PROJECT (NO, CODE, EMP_NO, STATE_A_NO, TITLE, CONTENT, START_DATE)
VALUES (SEQ_PROJECT.NEXTVAL, 40, 46, 1, '판촉행사', SYSDATE);
INSERT INTO PROJECT (NO, CODE, EMP_NO, STATE_A_NO, TITLE, CONTENT, START_DATE)
VALUES (SEQ_PROJECT.NEXTVAL, 40, 56, 1, '판촉행사', SYSDATE);
INSERT INTO PROJECT (NO, CODE, EMP_NO, STATE_A_NO, TITLE, CONTENT, START_DATE)
VALUES (SEQ_PROJECT.NEXTVAL, 40, 66, 1, '판촉행사', SYSDATE);


--프로젝트 담당자
INSERT INTO PROJECT_MANAGER (NO, PRO_NO, EMP_NO)
VALUES (SEQ_PROJECT_MANAGER.NEXTVAL, 1, 11 );
INSERT INTO PROJECT_MANAGER (NO, PRO_NO, EMP_NO)
VALUES (SEQ_PROJECT_MANAGER.NEXTVAL, 2, 12 );
INSERT INTO PROJECT_MANAGER (NO, PRO_NO, EMP_NO)
VALUES (SEQ_PROJECT_MANAGER.NEXTVAL, 3, 13 );
INSERT INTO PROJECT_MANAGER (NO, PRO_NO, EMP_NO)
VALUES (SEQ_PROJECT_MANAGER.NEXTVAL, 4, 14 );
INSERT INTO PROJECT_MANAGER (NO, PRO_NO, EMP_NO)
VALUES (SEQ_PROJECT_MANAGER.NEXTVAL, 5, 15 );
INSERT INTO PROJECT_MANAGER (NO, PRO_NO, EMP_NO)
VALUES (SEQ_PROJECT_MANAGER.NEXTVAL, 6, 16 );

--플젝 일정
INSERT INTO PROJECT_WORK (NO,NO2,STATE_B_NO,TYPE_NO,START_DATE,TITLE,CONTENT)
VALUES (SEQ_PROJECT_WORK.NEXTVAL, 1, 1, 1, SYSDATE, '변호사미팅', '법무적 차원의 자문을 구하기로 함.');
INSERT INTO PROJECT_WORK (NO,NO2,STATE_B_NO,TYPE_NO,START_DATE,TITLE,CONTENT)
VALUES (SEQ_PROJECT_WORK.NEXTVAL, 2, 2, 1, SYSDATE, '교육준비', '자료수집 및 발표물 제작하기로 함.');
INSERT INTO PROJECT_WORK (NO,NO2,STATE_B_NO,TYPE_NO,START_DATE,TITLE,CONTENT)
VALUES (SEQ_PROJECT_WORK.NEXTVAL, 3, 1, 1, SYSDATE, '학회참가', '신약발표 및 투자유치를 위해 참가하기로 함.');
INSERT INTO PROJECT_WORK (NO,NO2,STATE_B_NO,TYPE_NO,START_DATE,TITLE,CONTENT)
VALUES (SEQ_PROJECT_WORK.NEXTVAL, 4, 2, 1, SYSDATE, '임상실험', '후보물질 안정성과 유효성 검사를 진행하기로 함.');
INSERT INTO PROJECT_WORK (NO,NO2,STATE_B_NO,TYPE_NO,START_DATE,TITLE,CONTENT)
VALUES (SEQ_PROJECT_WORK.NEXTVAL, 5, 1, 1, SYSDATE, '파트너링 미팅', '파트너링 계약체결을 완수하기로 함.');
INSERT INTO PROJECT_WORK (NO,NO2,STATE_B_NO,TYPE_NO,START_DATE,TITLE,CONTENT)
VALUES (SEQ_PROJECT_WORK.NEXTVAL, 6, 2, 1, SYSDATE, '홍보물제작', '홍보리플렛 디자인을 구상하기로 함.');


--기타일정
INSERT INTO PERSONAL_WORK (NO, NO2, STATE_B_NO, TYPE_NO, START_DATE, TITLE ,CONTENT)
VALUES (SEQ_PERSONAL_WORK.NEXTVAL, 4, 3, 3, SYSDATE, '부장급회의', '중앙회의실에서 실적발표가 있음.');
INSERT INTO PERSONAL_WORK (NO,NO2,STATE_B_NO,TYPE_NO,START_DATE,TITLE,CONTENT)
VALUES (SEQ_PERSONAL_WORK.NEXTVAL, 5, 3, 3, SYSDATE, '부장급회의', '중앙회의실에서 실적발표가 있음.');
INSERT INTO PERSONAL_WORK (NO,NO2,STATE_B_NO,TYPE_NO,START_DATE,TITLE,CONTENT)
VALUES (SEQ_PERSONAL_WORK.NEXTVAL, 6, 3, 3, SYSDATE, '부장급회의', '중앙회의실에서 실적발표가 있음.');
INSERT INTO PERSONAL_WORK (NO,NO2,STATE_B_NO,TYPE_NO,START_DATE,TITLE,CONTENT)
VALUES (SEQ_PERSONAL_WORK.NEXTVAL, 7, 3, 3, SYSDATE, '부장급회의', '중앙회의실에서 실적발표가 있음.');
INSERT INTO PERSONAL_WORK (NO,NO2,STATE_B_NO,TYPE_NO,START_DATE,TITLE,CONTENT)
VALUES (SEQ_PERSONAL_WORK.NEXTVAL, 8, 3, 3, SYSDATE, '부장급회의', '중앙회의실에서 실적발표가 있음.');

INSERT INTO PERSONAL_WORK (NO,NO2,STATE_B_NO,TYPE_NO,START_DATE,TITLE,CONTENT)
VALUES (SEQ_PERSONAL_WORK.NEXTVAL, 1, 1, 3, SYSDATE, '해외출장', '미국 화이자 방문.');
INSERT INTO PERSONAL_WORK (NO,NO2,STATE_B_NO,TYPE_NO,START_DATE,TITLE,CONTENT)
VALUES (SEQ_PERSONAL_WORK.NEXTVAL, 2, 2, 3, SYSDATE, '휴가', '14일간 휴가.');
INSERT INTO PERSONAL_WORK (NO,NO2,STATE_B_NO,TYPE_NO,START_DATE,TITLE,CONTENT)
VALUES (SEQ_PERSONAL_WORK.NEXTVAL, 3, 3, 3, SYSDATE, '휴가', '14일간 휴가');


INSERT INTO PERSONAL_WORK (NO,NO2,STATE_B_NO,TYPE_NO,START_DATE,TITLE,CONTENT)
VALUES (SEQ_PERSONAL_WORK.NEXTVAL, 13, 2, 2, SYSDATE, '동료평가', '사내 그룹웨어에서 동료평가 진행하기.');
INSERT INTO PERSONAL_WORK (NO,NO2,STATE_B_NO,TYPE_NO,START_DATE,TITLE,CONTENT)
VALUES (SEQ_PERSONAL_WORK.NEXTVAL, 14, 2, 2, SYSDATE, '동료평가', '사내 그룹웨어에서 동료평가 진행하기.');
INSERT INTO PERSONAL_WORK (NO,NO2,STATE_B_NO,TYPE_NO,START_DATE,TITLE,CONTENT)
VALUES (SEQ_PERSONAL_WORK.NEXTVAL, 23, 2, 2, SYSDATE, '동료평가', '사내 그룹웨어에서 동료평가 진행하기.');
INSERT INTO PERSONAL_WORK (NO,NO2,STATE_B_NO,TYPE_NO,START_DATE,TITLE,CONTENT)
VALUES (SEQ_PERSONAL_WORK.NEXTVAL, 24, 2, 2, SYSDATE, '동료평가', '사내 그룹웨어에서 동료평가 진행하기.');
INSERT INTO PERSONAL_WORK (NO,NO2,STATE_B_NO,TYPE_NO,START_DATE,TITLE,CONTENT)
VALUES (SEQ_PERSONAL_WORK.NEXTVAL, 33, 2, 2, SYSDATE, '동료평가', '사내 그룹웨어에서 동료평가 진행하기.');
INSERT INTO PERSONAL_WORK (NO,NO2,STATE_B_NO,TYPE_NO,START_DATE,TITLE,CONTENT)
VALUES (SEQ_PERSONAL_WORK.NEXTVAL, 34, 2, 2, SYSDATE, '동료평가', '사내 그룹웨어에서 동료평가 진행하기.');
INSERT INTO PERSONAL_WORK (NO,NO2,STATE_B_NO,TYPE_NO,START_DATE,TITLE,CONTENT)
VALUES (SEQ_PERSONAL_WORK.NEXTVAL, 43, 2, 2, SYSDATE, '동료평가', '사내 그룹웨어에서 동료평가 진행하기.');
INSERT INTO PERSONAL_WORK (NO,NO2,STATE_B_NO,TYPE_NO,START_DATE,TITLE,CONTENT)
VALUES (SEQ_PERSONAL_WORK.NEXTVAL, 44, 2, 2, SYSDATE, '동료평가', '사내 그룹웨어에서 동료평가 진행하기.');
INSERT INTO PERSONAL_WORK (NO,NO2,STATE_B_NO,TYPE_NO,START_DATE,TITLE,CONTENT)
VALUES (SEQ_PERSONAL_WORK.NEXTVAL, 53, 2, 2, SYSDATE, '동료평가', '사내 그룹웨어에서 동료평가 진행하기.');
INSERT INTO PERSONAL_WORK (NO,NO2,STATE_B_NO,TYPE_NO,START_DATE,TITLE,CONTENT)
VALUES (SEQ_PERSONAL_WORK.NEXTVAL, 54, 2, 2, SYSDATE, '동료평가', '사내 그룹웨어에서 동료평가 진행하기.');
INSERT INTO PERSONAL_WORK (NO,NO2,STATE_B_NO,TYPE_NO,START_DATE,TITLE,CONTENT)
VALUES (SEQ_PERSONAL_WORK.NEXTVAL, 63, 2, 2, SYSDATE, '동료평가', '사내 그룹웨어에서 동료평가 진행하기.');
INSERT INTO PERSONAL_WORK (NO,NO2,STATE_B_NO,TYPE_NO,START_DATE,TITLE,CONTENT)
VALUES (SEQ_PERSONAL_WORK.NEXTVAL, 64, 2, 2, SYSDATE, '동료평가', '사내 그룹웨어에서 동료평가 진행하기.');




--회의록
INSERT INTO CONFERENCE_RECORD (NO,PRJ_NO,ENL_DATE, TITLE, CONTENT)
VALUES (SEQ_CONFERENCE_RECORD.NEXTVAL,1, SYSDATE,'정리해고 진행과정 회의','저성과자들 리스트를 만들어서 이번 구조조정 때 정리해고 진행하기로 함.');
INSERT INTO CONFERENCE_RECORD (NO,PRJ_NO,ENL_DATE, TITLE, CONTENT)
VALUES (SEQ_CONFERENCE_RECORD.NEXTVAL,2, SYSDATE,'안전교육준비 회의','안전교육을 위해 CPR 교육자료를 만들기로 함. 인근 소방서에 교육요청 예정.');
INSERT INTO CONFERENCE_RECORD (NO,PRJ_NO,ENL_DATE, TITLE, CONTENT)
VALUES (SEQ_CONFERENCE_RECORD.NEXTVAL,3, SYSDATE,'학회준비 회의','논문 요약본 준비. 전시자료 제작은 케이에이치제작소에 의뢰를 하기로 결정.');
INSERT INTO CONFERENCE_RECORD (NO,PRJ_NO,ENL_DATE, TITLE, CONTENT)
VALUES (SEQ_CONFERENCE_RECORD.NEXTVAL,4, SYSDATE,'임상실험준비 회의','알바모집을 통해 비교군과 대조군 모집하기로 함. 보상액은 최저시급의 4배로 결정.');
INSERT INTO CONFERENCE_RECORD (NO,PRJ_NO,ENL_DATE, TITLE, CONTENT)
VALUES (SEQ_CONFERENCE_RECORD.NEXTVAL,5, SYSDATE,'계약전략 회의','이번 신약개발에 필요한 실험결과를 교환하는 계약을 체결해야함.');
INSERT INTO CONFERENCE_RECORD (NO,PRJ_NO,ENL_DATE, TITLE, CONTENT)
VALUES (SEQ_CONFERENCE_RECORD.NEXTVAL,6, SYSDATE,'디자인 회의','신뢰감을 주는 파란색을 메인컬러로 결정함.');

--커밋
commit;


