--권한 등급--
INSERT INTO AUTHORITY (RANK, NAME) VALUES ('A0', 'Master');
INSERT INTO AUTHORITY (RANK, NAME) VALUES ('A1', 'Chief Manager');
INSERT INTO AUTHORITY (RANK, NAME) VALUES ('A2', 'Project Manager');
INSERT INTO AUTHORITY (RANK, NAME) VALUES ('A3', 'Vice Manager');
INSERT INTO AUTHORITY (RANK, NAME) VALUES ('A4', 'Temporary Manager');

--직급--
INSERT INTO POSITION (CODE, NAME) VALUES ('E1', '사장');
INSERT INTO POSITION (CODE, NAME) VALUES ('E2', '이사');
INSERT INTO POSITION (CODE, NAME) VALUES ('E3', '부장');
INSERT INTO POSITION (CODE, NAME) VALUES ('E4', '팀장');
INSERT INTO POSITION (CODE, NAME) VALUES ('E5', '차장');
INSERT INTO POSITION (CODE, NAME) VALUES ('E6', '과장');
INSERT INTO POSITION (CODE, NAME) VALUES ('E7', '대리');
INSERT INTO POSITION (CODE, NAME) VALUES ('E8', '주임');
INSERT INTO POSITION (CODE, NAME) VALUES ('E9', '사원');

--부서--
INSERT INTO DEPARTMENT (CODE, NAME, STATE, ENROLL_DATE, MODIFY_DATE, END_DATE)
VALUES ('HQ', '경영지원', '활동중', SYSDATE, CURRENT_TIMESTAMP, NULL);

INSERT INTO DEPARTMENT (CODE, NAME, STATE, ENROLL_DATE, MODIFY_DATE, END_DATE)
VALUES ('HR', '인사', '활동중', SYSDATE, CURRENT_TIMESTAMP, NULL);

INSERT INTO DEPARTMENT (CODE, NAME, STATE, ENROLL_DATE, MODIFY_DATE, END_DATE)
VALUES ('RD', '연구개발', '활동중', SYSDATE, CURRENT_TIMESTAMP, NULL);

INSERT INTO DEPARTMENT (CODE, NAME, STATE, ENROLL_DATE, MODIFY_DATE, END_DATE)
VALUES ('SL', '영업', '활동중', SYSDATE, CURRENT_TIMESTAMP, NULL);

INSERT INTO DEPARTMENT (CODE, NAME, STATE, ENROLL_DATE, MODIFY_DATE, END_DATE)
VALUES ('MK', '홍보', '활동중', SYSDATE, CURRENT_TIMESTAMP, NULL);

--근태--
INSERT INTO ATTEND (STATE, NAME)
VALUES ('CH_IN', '출근');

INSERT INTO ATTEND (STATE, NAME)
VALUES ('CH_OUT', '퇴근');

INSERT INTO ATTEND (STATE, NAME)
VALUES ('OFF_SITE', '외근');

INSERT INTO ATTEND (STATE, NAME)
VALUES ('TRIP', '출장');

INSERT INTO ATTEND (STATE, NAME)
VALUES ('ABSENCE', '외출');

INSERT INTO ATTEND (STATE, NAME)
VALUES ('SICK', '병가');

INSERT INTO ATTEND (STATE, NAME)
VALUES ('VACATION', '휴가');

-- 멤버
-- INSERT 관리자
INSERT INTO MEMBER (NO, RANK, ID, PWD)
VALUES (SEQ_MEMBER_NO.NEXTVAL, 'A0', 'Admin', '1234');

-- INSERT 사장
INSERT INTO MEMBER (NO, DEPT_CODE, POSITION_CODE, STATE, SALARY_CODE, RANK, SALARY, BONUS, ID, PWD, NICK, NAME, PHONE, ADDRESS, ENROLL_DATE, RETIRE_DATE, RETIRE_YN, AUTHOR_CODE, PERSONAL_WORK_NO)
VALUES (SEQ_MEMBER_NO.NEXTVAL, 'HQ', 'E1', 'CH_IN', 'SC_2', 'A0', 4000, 800, 'ceo', '1234', 'CEO', '사장', '01023456789', '서울시 강동구', SYSDATE, NULL, 'N', 'AC', 2);

-- INSERT 이사
INSERT INTO MEMBER (NO, DEPT_CODE, POSITION_CODE, STATE, SALARY_CODE, RANK, SALARY, BONUS, ID, PWD, NICK, NAME, PHONE, ADDRESS, ENROLL_DATE, RETIRE_DATE, RETIRE_YN, AUTHOR_CODE, PERSONAL_WORK_NO, REST_LEAVE)
VALUES (SEQ_MEMBER_NO.NEXTVAL, 'HQ', 'E2', 'CH_IN', 'SC_3', 'A1', 3500, 700, 'director1', '1234', '이사1', '이사1', '01034567890', '서울시 강서구', SYSDATE, NULL, 'N', 'AC', 3, '100');

INSERT INTO MEMBER (NO, DEPT_CODE, POSITION_CODE, STATE, SALARY_CODE, RANK, SALARY, BONUS, ID, PWD, NICK, NAME, PHONE, ADDRESS, ENROLL_DATE, RETIRE_DATE, RETIRE_YN, AUTHOR_CODE, PERSONAL_WORK_NO, REST_LEAVE)
VALUES (SEQ_MEMBER_NO.NEXTVAL, 'HQ', 'E2', 'CH_IN', 'SC_3', 'A1', 3500, 700, 'director2', '1234', '이사2', '이사2', '01034567890', '서울시 강서구', SYSDATE, NULL, 'N', 'AC', 3, '100');

-- INSERT 부장
INSERT INTO MEMBER (NO, DEPT_CODE, POSITION_CODE, STATE, SALARY_CODE, RANK, SALARY, BONUS, ID, PWD, NICK, NAME, PHONE, ADDRESS, ENROLL_DATE, RETIRE_DATE, RETIRE_YN, AUTHOR_CODE, PERSONAL_WORK_NO, REST_LEAVE)
VALUES (SEQ_MEMBER_NO.NEXTVAL, 'HQ', 'E3', 'CH_IN', 'SC_4', 'A1', 3000, 600, 'manager1', '1234', '부장1', '부장1', '01045678901', '서울시 관악구', SYSDATE, NULL, 'N', 'AC', 4, '100');

INSERT INTO MEMBER (NO, DEPT_CODE, POSITION_CODE, STATE, SALARY_CODE, RANK, SALARY, BONUS, ID, PWD, NICK, NAME, PHONE, ADDRESS, ENROLL_DATE, RETIRE_DATE, RETIRE_YN, AUTHOR_CODE, PERSONAL_WORK_NO, REST_LEAVE)
VALUES (SEQ_MEMBER_NO.NEXTVAL, 'HQ', 'E3', 'CH_IN', 'SC_4', 'A1', 3000, 600, 'manager2', '1234', '부장2', '부장2', '01045678901', '서울시 관악구', SYSDATE, NULL, 'N', 'AC', 4, '100');

-- INSERT 팀장
INSERT INTO MEMBER (NO, DEPT_CODE, POSITION_CODE, STATE, SALARY_CODE, RANK, SALARY, BONUS, ID, PWD, NICK, NAME, PHONE, ADDRESS, ENROLL_DATE, RETIRE_DATE, RETIRE_YN, AUTHOR_CODE, PERSONAL_WORK_NO, REST_LEAVE)
VALUES (SEQ_MEMBER_NO.NEXTVAL, 'HQ', 'E4', 'CH_IN', 'SC_5', 'A2', 2800, 560, 'leader1', '1234', '팀장1', '팀장1', '01056789012', '서울시 송파구', SYSDATE, NULL, 'N', 'AC', 5, '100');

INSERT INTO MEMBER (NO, DEPT_CODE, POSITION_CODE, STATE, SALARY_CODE, RANK, SALARY, BONUS, ID, PWD, NICK, NAME, PHONE, ADDRESS, ENROLL_DATE, RETIRE_DATE, RETIRE_YN, AUTHOR_CODE, PERSONAL_WORK_NO, REST_LEAVE)
VALUES (SEQ_MEMBER_NO.NEXTVAL, 'HQ', 'E4', 'CH_IN', 'SC_5', 'A2', 2800, 560, 'leader2', '1234', '팀장2', '팀장2', '01056789012', '서울시 송파구', SYSDATE, NULL, 'N', 'AC', 5, '100');

-- INSERT 차장
INSERT INTO MEMBER (NO, DEPT_CODE, POSITION_CODE, STATE, SALARY_CODE, RANK, SALARY, BONUS, ID, PWD, NICK, NAME, PHONE, ADDRESS, ENROLL_DATE, RETIRE_DATE, RETIRE_YN, AUTHOR_CODE, PERSONAL_WORK_NO, REST_LEAVE)
VALUES (SEQ_MEMBER_NO.NEXTVAL, 'HQ', 'E5', 'CH_IN', 'SC_6', 'A2', 2500, 500, 'assistant1', '1234', '차장1', '차장1', '01067890123', '서울시 강북구', SYSDATE, NULL, 'N', 'AC', 6, '100');

INSERT INTO MEMBER (NO, DEPT_CODE, POSITION_CODE, STATE, SALARY_CODE, RANK, SALARY, BONUS, ID, PWD, NICK, NAME, PHONE, ADDRESS, ENROLL_DATE, RETIRE_DATE, RETIRE_YN, AUTHOR_CODE, PERSONAL_WORK_NO, REST_LEAVE)
VALUES (SEQ_MEMBER_NO.NEXTVAL, 'HQ', 'E5', 'CH_IN', 'SC_6', 'A2', 2500, 500, 'assistant2', '1234', '차장2', '차장2', '01067890123', '서울시 강북구', SYSDATE, NULL, 'N', 'AC', 6, '100');

-- INSERT 과장
INSERT INTO MEMBER (NO, DEPT_CODE, POSITION_CODE, STATE, SALARY_CODE, RANK, SALARY, BONUS, ID, PWD, NICK, NAME, PHONE, ADDRESS, ENROLL_DATE, RETIRE_DATE, RETIRE_YN, AUTHOR_CODE, PERSONAL_WORK_NO, REST_LEAVE)
VALUES (SEQ_MEMBER_NO.NEXTVAL, 'HQ', 'E6', 'CH_IN', 'SC_7', 'A3', 2300, 460, 'manager2', '1234', '과장1', '과장1', '01078901234', '서울시 도봉구', SYSDATE, NULL, 'N', 'AC', 7, '100');

INSERT INTO MEMBER (NO, DEPT_CODE, POSITION_CODE, STATE, SALARY_CODE, RANK, SALARY, BONUS, ID, PWD, NICK, NAME, PHONE, ADDRESS, ENROLL_DATE, RETIRE_DATE, RETIRE_YN, AUTHOR_CODE, PERSONAL_WORK_NO, REST_LEAVE)
VALUES (SEQ_MEMBER_NO.NEXTVAL, 'HQ', 'E6', 'CH_IN', 'SC_7', 'A3', 2300, 460, 'manager2', '1234', '과장2', '과장2', '01078901234', '서울시 도봉구', SYSDATE, NULL, 'N', 'AC', 7, '100');

-- INSERT 대리
INSERT INTO MEMBER (NO, DEPT_CODE, POSITION_CODE, STATE, SALARY_CODE, RANK, SALARY, BONUS, ID, PWD, NICK, NAME, PHONE, ADDRESS, ENROLL_DATE, RETIRE_DATE, RETIRE_YN, AUTHOR_CODE, PERSONAL_WORK_NO, REST_LEAVE)
VALUES (SEQ_MEMBER_NO.NEXTVAL, 'HQ', 'E7', 'CH_IN', 'SC_8', 'A3', 2000, 400, 'manager3', '1234', '대리1', '대리1', '01089012345', '서울시 마포구', SYSDATE, NULL, 'N', 'AC', 8, '100');

INSERT INTO MEMBER (NO, DEPT_CODE, POSITION_CODE, STATE, SALARY_CODE, RANK, SALARY, BONUS, ID, PWD, NICK, NAME, PHONE, ADDRESS, ENROLL_DATE, RETIRE_DATE, RETIRE_YN, AUTHOR_CODE, PERSONAL_WORK_NO, REST_LEAVE)
VALUES (SEQ_MEMBER_NO.NEXTVAL, 'HQ', 'E7', 'CH_IN', 'SC_8', 'A3', 2000, 400, 'manager3', '1234', '대리2', '대리2', '01089012345', '서울시 마포구', SYSDATE, NULL, 'N', 'AC', 8, '100');

-- INSERT 주임
INSERT INTO MEMBER (NO, DEPT_CODE, POSITION_CODE, STATE, SALARY_CODE, RANK, SALARY, BONUS, ID, PWD, NICK, NAME, PHONE, ADDRESS, ENROLL_DATE, RETIRE_DATE, RETIRE_YN, AUTHOR_CODE, PERSONAL_WORK_NO, REST_LEAVE)
VALUES (SEQ_MEMBER_NO.NEXTVAL, 'HQ', 'E8', 'CH_IN', 'SC_9', 'A4', 1800, 360, 'manager4', '1234', '주임1', '주임1', '01090123456', '서울시 강남구', SYSDATE, NULL, 'N', 'AC', 9, '100');

INSERT INTO MEMBER (NO, DEPT_CODE, POSITION_CODE, STATE, SALARY_CODE, RANK, SALARY, BONUS, ID, PWD, NICK, NAME, PHONE, ADDRESS, ENROLL_DATE, RETIRE_DATE, RETIRE_YN, AUTHOR_CODE, PERSONAL_WORK_NO, REST_LEAVE)
VALUES (SEQ_MEMBER_NO.NEXTVAL, 'HQ', 'E8', 'CH_IN', 'SC_9', 'A4', 1800, 360, 'manager4', '1234', '주임2', '주임2', '01090123456', '서울시 강남구', SYSDATE, NULL, 'N', 'AC', 9, '100');

-- INSERT 사원
INSERT INTO MEMBER (NO, DEPT_CODE, POSITION_CODE, STATE, SALARY_CODE, RANK, SALARY, BONUS, ID, PWD, NICK, NAME, PHONE, ADDRESS, ENROLL_DATE, RETIRE_DATE, RETIRE_YN, AUTHOR_CODE, PERSONAL_WORK_NO, REST_LEAVE)
VALUES (SEQ_MEMBER_NO.NEXTVAL, 'HQ', 'E9', 'CH_IN', 'SC_10', NULL, 1500, 300, 'staff1', '1234', '사원1', '사원1', '01001234567', '서울시 서초구', SYSDATE, NULL, 'N', 'AC', 10, '100');

INSERT INTO MEMBER (NO, DEPT_CODE, POSITION_CODE, STATE, SALARY_CODE, RANK, SALARY, BONUS, ID, PWD, NICK, NAME, PHONE, ADDRESS, ENROLL_DATE, RETIRE_DATE, RETIRE_YN, AUTHOR_CODE, PERSONAL_WORK_NO, REST_LEAVE)
VALUES (SEQ_MEMBER_NO.NEXTVAL, 'HQ', 'E9', 'CH_IN', 'SC_10', NULL, 1500, 300, 'staff1', '1234', '사원2', '사원2', '01001234567', '서울시 서초구', SYSDATE, NULL, 'N', 'AC', 10, '100');




--급여--



COMMIT;


